﻿<?xml version="1.0" encoding="utf-8"?><DefPackage-SoundDef>

  <SoundDef>
    <defName>FissureSFX</defName>  
    <sustain>True</sustain>  
    <context>MapOnly</context>
    <eventNames />  
    <priorityMode>PrioritizeNearest</priorityMode>  
    <subSounds>
      <li>
        <muteWhenPaused>True</muteWhenPaused>      
        <grains>
          <li Class="AudioGrain_Clip">
            <clipPath>FissureSFX</clipPath>
          </li>
        </grains>      
        <volumeRange>
          <min>15</min>        
          <max>15</max>
        </volumeRange>      
        <pitchRange>
          <min>1</min>        
          <max>1.015</max>
        </pitchRange>      
        <distRange>
          <min>0</min>        
          <max>30</max>
        </distRange>
      </li>
    </subSounds>
  </SoundDef>
  
  <SoundDef>
    <defName>ChatteringSFX</defName>  
    <sustain>True</sustain>  
    <context>MapOnly</context>
    <eventNames />  
    <priorityMode>PrioritizeNearest</priorityMode>  
    <subSounds>
      <li>
        <muteWhenPaused>True</muteWhenPaused>      
        <grains>
          <li Class="AudioGrain_Clip">
            <clipPath>ChatteringSFX</clipPath>
          </li>
        </grains>      
        <volumeRange>
          <min>15</min>        
          <max>15</max>
        </volumeRange>      
        <pitchRange>
          <min>1</min>        
          <max>1.015</max>
        </pitchRange>      
        <distRange>
          <min>0</min>        
          <max>30</max>
        </distRange>
      </li>
    </subSounds>
  </SoundDef>

</DefPackage-SoundDef>