﻿<?xml version="1.0" encoding="utf-8" ?>
<ThingDefs>

  <ThingDef Name="HorrorApparelBase" Abstract="True">
    <thingClass>Apparel</thingClass>
    <category>Item</category>
    <selectable>True</selectable>
    <pathCost>10</pathCost>
    <useHitPoints>True</useHitPoints>
    <graphicData>
      <onGroundRandomRotateAngle>35</onGroundRandomRotateAngle>
    </graphicData>
    <drawGUIOverlay>true</drawGUIOverlay>
    <statBases>
      <MaxHitPoints>100</MaxHitPoints>
      <Flammability>1.0</Flammability>
      <DeteriorationRate>2</DeteriorationRate>
			<Beauty>-6</Beauty>
	</statBases>
	<tradeability>Never</tradeability>
	<destroyOnDrop>True</destroyOnDrop>
	<menuHidden>True</menuHidden>
    <altitudeLayer>Item</altitudeLayer>
    <alwaysHaulable>True</alwaysHaulable>
    <tickerType>Never</tickerType>
    <comps>
      <li Class="CompProperties_Forbiddable"/>
      <li>
        <compClass>CompColorable</compClass>
      </li>
      <li>
        <compClass>CompQuality</compClass>
      </li>
    </comps>
  </ThingDef>


   

  <ThingDef ParentName="HorrorApparelBase">
    <defName>Horror_Pants</defName>
    <label>infested pants</label>
    <description>The pants this person must have been wearing at the time they fell victim to the horrors.</description>
    <graphicData>
      <texPath>Things/Pawn/Humanlike/Apparel/Various/Pants_OnMap</texPath>
      <graphicClass>Graphic_Single</graphicClass>
    </graphicData>
    <thingCategories>
      <li>Apparel</li>
    </thingCategories>
	<generateAllowChance>0.15</generateAllowChance>
    <statBases>
      <Mass>0.5</Mass>
      <ArmorRating_Blunt>0.03</ArmorRating_Blunt>
      <ArmorRating_Sharp>0.03</ArmorRating_Sharp>
      <Insulation_Cold>-3</Insulation_Cold>
    </statBases>
    <apparel>
      <bodyPartGroups>
        <li>Legs</li>
      </bodyPartGroups>
      <layers>
        <li>OnSkin</li>
      </layers>
      
      <tags>
        <li>Horrors</li>
      </tags>
      <defaultOutfitTags>
        <li>Horrors</li>
      </defaultOutfitTags>
    </apparel>
  </ThingDef>

  <ThingDef ParentName="HorrorApparelBase">
    <defName>Horror_Undergrowth</defName>
    <label>horrible undergrowth</label>
    <description>Some kind of mucus covering that insulates the victim against the elements.</description>
    <graphicData>
      <texPath>Things/Pawn/Humanlike/Apparel/Undergrowth/Undergrowth</texPath>
      <graphicClass>Graphic_Single</graphicClass>
    </graphicData>
    <thingCategories>
      <li>Apparel</li>
    </thingCategories>
	<generateAllowChance>0.15</generateAllowChance>
    <statBases>
      <WorkToMake>5000</WorkToMake>
      <Mass>0.25</Mass>
      <ArmorRating_Blunt>0.25</ArmorRating_Blunt>
      <ArmorRating_Sharp>0.25</ArmorRating_Sharp>
      <Insulation_Cold>-30</Insulation_Cold>
	  <Insulation_Heat>30</Insulation_Heat>
    </statBases>
    <apparel>
      <bodyPartGroups>
        <li>Torso</li>
        <li>Shoulders</li>
      </bodyPartGroups>
      <worngraphicPath>Things/Pawn/Humanlike/Apparel/Undergrowth/Undergrowth</worngraphicPath>
      <layers>
        <li>OnSkin</li>
      </layers>
      
      <tags>
        <li>Horrors</li>
      </tags>
      <defaultOutfitTags>
        <li>Horrors</li>
      </defaultOutfitTags>
    </apparel>
  </ThingDef>

  <ThingDef ParentName="HorrorApparelBase">
    <defName>Horror_Overgrowth</defName>
    <description>A hideous fusion of human and monster, twisting and mutating the human within, this carapace seems to give the human amazing abilities and endurance.</description>
    <label>horrible overgrowth</label>
    <graphicData>
      <texPath>Things/Pawn/Humanlike/Apparel/Overgrowth/Overgrowth</texPath>
      <graphicClass>Graphic_Single</graphicClass>
    </graphicData>
    <thingCategories>
      <li>Apparel</li>
    </thingCategories>
	<generateAllowChance>0.15</generateAllowChance>
    <statBases>
      <MaxHitPoints>160</MaxHitPoints>
      <WorkToMake>22000</WorkToMake>
      <Mass>2.2</Mass>
      <ArmorRating_Blunt>0.8</ArmorRating_Blunt>
      <ArmorRating_Sharp>0.8</ArmorRating_Sharp>
      <ArmorRating_Heat>0.07</ArmorRating_Heat>
      <Insulation_Cold>-15</Insulation_Cold>
      <Insulation_Heat>15</Insulation_Heat>
    </statBases>
    <equippedStatOffsets>
      <MoveSpeed>-0.64</MoveSpeed>
    </equippedStatOffsets>
    <apparel>
      <bodyPartGroups>
        <li>Torso</li>
        <li>Shoulders</li>
        <li>Arms</li>
        <li>Legs</li>
      </bodyPartGroups>
      <worngraphicPath>Things/Pawn/Humanlike/Apparel/Overgrowth/Overgrowth</worngraphicPath>
      <layers>
        <li>Shell</li>
      </layers>
      <tags>
        <li>Horrors</li>
      </tags>
      <defaultOutfitTags>
        <li>Horrors</li>
      </defaultOutfitTags>
    </apparel>
  </ThingDef>
  
  <ThingDef ParentName="HorrorApparelBase">
    <defName>Horror_Exoskeleton</defName>
    <description>A living organism fused into the body of its hapless victim, it is firmly embedded into the spinal cord of the human, rendering the person effectively paralyzed as the Exoskeleton feeds and takes control of all mental faculties. Seizing control of the information stored within the person's brain. One can only wonder if there is still the mind of a person trapped inside...</description>
    <label>horrible overgrowth</label>
    <graphicData>
      <texPath>Things/Pawn/Humanlike/Apparel/Overgrowth/Overgrowth</texPath>
      <graphicClass>Graphic_Single</graphicClass>
    </graphicData>
    <thingCategories>
      <li>Apparel</li>
    </thingCategories>
	<generateAllowChance>0.15</generateAllowChance>
    <statBases>
      <MaxHitPoints>160</MaxHitPoints>
      <WorkToMake>22000</WorkToMake>
      <Mass>2.2</Mass>
      <ArmorRating_Blunt>1.0</ArmorRating_Blunt>
      <ArmorRating_Sharp>1.0</ArmorRating_Sharp>
      <ArmorRating_Heat>0.0</ArmorRating_Heat>
      <Insulation_Cold>-15</Insulation_Cold>
      <Insulation_Heat>15</Insulation_Heat>
    </statBases>
    <equippedStatOffsets>
      <MoveSpeed>-0.64</MoveSpeed>
    </equippedStatOffsets>
    <apparel>
      <bodyPartGroups>
        <li>Torso</li>
        <li>Shoulders</li>
        <li>Arms</li>
        <li>Legs</li>
      </bodyPartGroups>
      <worngraphicPath>Things/Pawn/Humanlike/Apparel/Overgrowth/Overgrowth</worngraphicPath>
      <layers>
        <li>Shell</li>
      </layers>
      <tags>
        <li>Horrors_Mastermind</li>
      </tags>
      <defaultOutfitTags>
        <li>Horrors_Mastermind</li>
      </defaultOutfitTags>
    </apparel>
  </ThingDef>
  
  <ThingDef ParentName="HorrorApparelBase">
		<defName>Horror_MastermindHat</defName>
		<label>brainslug</label>
		<description>A disgusting parasite that uses the victim's mental faculties to coordinate the Horrors, it is capable of extracting all information from the brain. Allowing some Horrors remarkable insight into human behaviour.</description>
		<graphicData>
			<texPath>Things/Pawn/Humanlike/Apparel/Hats/BrainSlug</texPath>
			<graphicClass>Graphic_Single</graphicClass>
		</graphicData>
		<statBases>
			<WorkToMake>8000</WorkToMake>
			<Mass>0.8</Mass>
			<ArmorRating_Blunt>0.12</ArmorRating_Blunt>
			<ArmorRating_Sharp>0.3</ArmorRating_Sharp>
			<Insulation_Cold>4</Insulation_Cold>
			<Insulation_Heat>-2</Insulation_Heat>
		</statBases>
		<equippedStatOffsets>
			<SocialImpact>-1</SocialImpact>
			<ToxicSensitivity>-1</ToxicSensitivity>
			<ShootingAccuracy>-1</ShootingAccuracy>
		</equippedStatOffsets>
		<costList>
			<Component>2</Component>
			<Steel>50</Steel>
		</costList>
		<generateAllowChance>0</generateAllowChance>
		<apparel>
			<bodyPartGroups>
				<li>FullHead</li>
			</bodyPartGroups>
			<worngraphicPath>Things/Pawn/Humanlike/Apparel/Hats/Mastermind</worngraphicPath>
			<layers>
				<li>Overhead</li>
			</layers>
			<tags>
				<li>Horrors_Mastermind</li>
			</tags>
			<defaultOutfitTags>
				<li>Horrors_Mastermind</li>
			</defaultOutfitTags>
		</apparel>
	</ThingDef>
  
  <ThingDef ParentName="HorrorApparelBase">
		<defName>Horror_BrainSlug</defName>
		<label>brainslug</label>
		<description>A disgusting parasite that uses the victim's mental faculties to coordinate the Horrors, it is capable of extracting all information from the brain. Allowing some Horrors remarkable insight into human behaviour.</description>
		<graphicData>
			<texPath>Things/Pawn/Humanlike/Apparel/Hats/BrainSlug</texPath>
			<graphicClass>Graphic_Single</graphicClass>
		</graphicData>
		<statBases>
			<WorkToMake>8000</WorkToMake>
			<Mass>0.8</Mass>
			<ArmorRating_Blunt>0.12</ArmorRating_Blunt>
			<ArmorRating_Sharp>0.3</ArmorRating_Sharp>
			<Insulation_Cold>4</Insulation_Cold>
			<Insulation_Heat>-2</Insulation_Heat>
		</statBases>
		<equippedStatOffsets>
			<SocialImpact>-1</SocialImpact>
			<ToxicSensitivity>-1</ToxicSensitivity>
			<ShootingAccuracy>-1</ShootingAccuracy>
		</equippedStatOffsets>
		<costList>
			<Component>2</Component>
			<Steel>50</Steel>
		</costList>
		<generateAllowChance>0.15</generateAllowChance>
		<apparel>
			<bodyPartGroups>
				<li>FullHead</li>
			</bodyPartGroups>
			<worngraphicPath>Things/Pawn/Humanlike/Apparel/Hats/BrainSlug</worngraphicPath>
			<layers>
				<li>Overhead</li>
			</layers>
			<tags>
				<li>Horrors</li>
			</tags>
			<defaultOutfitTags>
				<li>Horrors</li>
			</defaultOutfitTags>
		</apparel>
	</ThingDef>


</ThingDefs>