﻿<?xml version="1.0" encoding="utf-8" ?>
<ThingDefs>

 <ThingDef Name="BaseFume" Abstract="True">
    <thingClass>Horrors.Fume</thingClass>
    <label>fume</label>
    <category>Gas</category>
    <altitudeLayer>Gas</altitudeLayer>
    <useHitPoints>false</useHitPoints>
    <tickerType>Normal</tickerType>
    <graphicData>
      <graphicClass>Graphic_Gas</graphicClass>
      <shaderType>Transparent</shaderType>
    </graphicData>
  </ThingDef>

  <ThingDef ParentName="BaseFume">
    <defName>Gas_Fumes</defName>
    <label>fumes</label>
    <graphicData>
      <texPath>Things/Gas/Puff</texPath>
      <drawSize>2.2</drawSize>
      <color>(0.6,1.0,0.6,0.5)</color>
    </graphicData>
    <gas>
      <expireSeconds>
        <min>29</min>
        <max>31</max>
      </expireSeconds>
      <blockTurretTracking>true</blockTurretTracking>
      <accuracyPenalty>0.7</accuracyPenalty>
      <rotationSpeed>10</rotationSpeed>
    </gas>
  </ThingDef>
    
</ThingDefs>