﻿<?xml version="1.0" encoding="utf-8" ?>
<Defs>

  <FactionDef>
    <defName>Horrors</defName>
    <label>Horrors</label>
    <description>Dangerous skulking Horrors, persistant in their attacks on the colonies.</description>
    <pawnsPlural>horrors</pawnsPlural>
	<baseSelectionWeight>1</baseSelectionWeight>
    <requiredCountAtGameStart>1</requiredCountAtGameStart>
	<maxCountAtGameStart>3</maxCountAtGameStart>
    <canMakeRandomly>true</canMakeRandomly>
    <raidCommonality>100</raidCommonality>
	<mustStartOneEnemy>true</mustStartOneEnemy>
    <canSiege>false</canSiege>
    <canStageAttacks>true</canStageAttacks>
	<leaderTitle>Mastermind</leaderTitle>
	<expandingIconTexture>World/WorldObjects/crevasse1</expandingIconTexture>
	<appreciative>false</appreciative>
	<colorSpectrum>
      <li>(0.45, 0.0, 0.45)</li>
      <li>(0.20, 0.02, 0.18)</li>
      <li>(0.0, 0.06, 0.18)</li>
    </colorSpectrum>
	<startingGoodwill>
      <min>-100</min>
      <max>-100</max>
    </startingGoodwill>
    <canUseAvoidGrid>true</canUseAvoidGrid>
    <techLevel>Neolithic</techLevel>
	<caravanTraderKinds>
      <li>Caravan_Outlander_BulkGoods</li>
      <li>Caravan_Outlander_CombatSupplier</li>
      <li>Caravan_Outlander_Exotic</li>
      <li>Caravan_Outlander_PirateMerchant</li>
    </caravanTraderKinds>
    <visitorTraderKinds>
      <li>Visitor_Outlander_Standard</li>
    </visitorTraderKinds>
	<baseTraderKinds>
      <li>FactionBase_Horrors</li>
    </baseTraderKinds>
	<backstoryCategory>Civil</backstoryCategory>
	<hairTags>
			<li>Rural</li>
	</hairTags>
    <naturalColonyGoodwill>
      <min>-100</min>
      <max>-100</max>
    </naturalColonyGoodwill>
    <homeIconPath>World/WorldObjects/crevasse1</homeIconPath>
	<factionNameMaker>NamerFactionHorrors</factionNameMaker>
	<baseNameMaker>NamerFactionBaseHorrors</baseNameMaker>
    <allowedArrivalTemperatureRange>
      <min>0</min>
      <max>45</max>
    </allowedArrivalTemperatureRange>
	<pawnGroupMakers>
	<li>
        <kindDef>Normal</kindDef>
        <commonality>100</commonality>
        <options>
          <Visceral>200</Visceral>
		  <HorrorsOverlord>10</HorrorsOverlord>
		  <BroodLord>10</BroodLord>
		  <Harvester>10</Harvester>
        </options>
		<disallowedStrategies>		
          <li>StageThenAttack</li>		
          <li>ImmediateAttackSappers</li>
          <li>Siege</li>		  
        </disallowedStrategies>
      </li>
      <li>
        <kindDef>Normal</kindDef>
        <commonality>100</commonality>
        <options>
          <Visceral>500</Visceral>
        </options>
		<disallowedStrategies>		
          <li>StageThenAttack</li>		
          <li>ImmediateAttackSappers</li>
          <li>Siege</li>		  
        </disallowedStrategies>
      </li>
	  <li>
        <kindDef>Normal</kindDef>
        <commonality>100</commonality>
        <options>
          <Visceral>500</Visceral>
		  <Harvester>10</Harvester>
        </options>
		<disallowedStrategies>		
          <li>StageThenAttack</li>		
          <li>ImmediateAttackSappers</li>
          <li>Siege</li>		  
        </disallowedStrategies>
      </li>
	  <li>
        <kindDef>Normal</kindDef>
        <commonality>30</commonality>
        <options>
		  <Visceral>400</Visceral>
		  <Bulwark>200</Bulwark>
        </options>
		<disallowedStrategies>		
          <li>StageThenAttack</li>		
          <li>ImmediateAttackSappers</li>
          <li>Siege</li>		  
        </disallowedStrategies>
      </li>
	  <li>
        <kindDef>Normal</kindDef>
        <commonality>30</commonality>
        <options>
		  <Visceral>400</Visceral>
		  <Bulwark>200</Bulwark>
		  <Harvester>10</Harvester>
        </options>
		<disallowedStrategies>		
          <li>StageThenAttack</li>		
          <li>ImmediateAttackSappers</li>
          <li>Siege</li>		  
        </disallowedStrategies>
      </li>
	  <li>
        <kindDef>FactionBase</kindDef>
        <options>
          <Terrorworm>200</Terrorworm>
		  <Visceral>200</Visceral>
          <Bulwark>100</Bulwark>
		  <Harvester>10</Harvester>
		  <HorrorsInfestedHuman>200</HorrorsInfestedHuman>
		  <HorrorsOverlord>10</HorrorsOverlord>
        </options>
      </li>
    </pawnGroupMakers>
  </FactionDef>
  
</Defs>