﻿<?xml version="1.0" encoding="utf-8" ?>
<Defs>

  <ThingDef Name="HorrorBase" Abstract="True">
    <category>Plant</category>
    <thingClass>Plant</thingClass>
    <altitudeLayer>MoteOverhead</altitudeLayer>
    <useHitPoints>True</useHitPoints>
    <statBases>
      <Flammability>0.8</Flammability>
    </statBases>
    <tickerType>Long</tickerType>
    <selectable>False</selectable>
	<blockLight>True</blockLight>
    <neverMultiSelect>True</neverMultiSelect>
    <drawerType>MapMeshOnly</drawerType>
    <pathCostIgnoreRepeat>false</pathCostIgnoreRepeat>
    <graphicData>
      <shaderType>CutoutPlant</shaderType>
    </graphicData>
    <ingestible>
      <foodType>Plant</foodType>
      <preferability>NeverForNutrition</preferability>
    </ingestible>
    <plant>
			<fertilityMin>0.5</fertilityMin>
			<fertilitySensitivity>1.0</fertilitySensitivity>
      <soundHarvesting>Harvest_Standard</soundHarvesting>
      <soundHarvestFinish>Harvest_Standard_Finish</soundHarvestFinish>
      <harvestWork>190</harvestWork>
      <sowWork>260</sowWork>
      <topWindExposure>0.1</topWindExposure>
      <visualSizeRange>
        <min>1.00</min>
        <max>1.00</max>
      </visualSizeRange>
    </plant>
  </ThingDef>

</Defs>