﻿<?xml version="1.0" encoding="utf-8" ?>
<TerrainDefs>

  <TerrainDef>
    <defName>FloorWebs</defName>
    <label>floor webs</label>
    <texturePath>Terrain/Surfaces/FloorWebs</texturePath>
    <EdgeType>FadeRough</EdgeType>
    <RenderPrecedence>325</RenderPrecedence>
    <PathCost>23</PathCost>
    <statBases>
      <Beauty>-8</Beauty>
      <Cleanliness>-8</Cleanliness>
    </statBases>
    <TerrainFilthDef>FilthDirt</TerrainFilthDef>
    <Fertility>0</Fertility>
    <TakeFootprints>False</TakeFootprints>
    <acceptFilth>false</acceptFilth>
    <avoidWander>true</avoidWander>
    <driesTo>Soil</driesTo>
  </TerrainDef>

</TerrainDefs>