﻿<?xml version="1.0" encoding="utf-8" ?>
<Defs>

	<!-- ============================== Big threats ==============================-->

  <IncidentDef>
    <defName>HorrorInfestation</defName>
    <label>horror infestation</label>
    <targetType>MapPlayerHome</targetType>
    <workerClass>Horrors.IncidentWorker_HorrorInfestation</workerClass>
    <letterLabel>Horror Infestation</letterLabel>
    <letterText>A bug hive has emerged!\n\nIt will slowly spawn bugs as well as produce additional hives. If you don't want it to infest the whole area, muster your forces and destroy it. But beware - the bugs will defend their hive.</letterText>
    <letterDef>BadUrgent</letterDef>
    <baseChance>2.7</baseChance>
    <minRefireDays>20</minRefireDays>
    <category>ThreatBig</category>
    <pointsScaleable>true</pointsScaleable>
    <minThreatPoints>400</minThreatPoints>
  </IncidentDef>


</Defs>